benchmark,cnf,pb,blif,aig
c6288,TO,TO,0.78,0.78
c7552,0.634459,2.24166,0.18,0.17
s13207,0.002835,1.37649,0.10,0.07
s15850,0.003367,1.84425,0.22,0.21
s35932,7.12958,19.492,0.73,0.55
s38417,11.0718,24.6282,0.45,0.47
s38584,0.007956,28.2207,0.62,0.64
b14,71.7929,87.2768,0.63,0.65
b15,9.36763,16.8676,0.89,1.47
b17,72.0529,143.203,6.97,5.85
b18,TO,TO,50.26,57.71
b19,TO,TO,248.62,272.99
b20,81.1677,1929.11,2.12,2.17
b21,58.0521,1134.86,1.62,2.04
b22,113.349,1505.68,2.72,3.90
